{
  "scenario_4A_base_morning": [
    {
      "completed_vehicles": 3219,
      "avg_duration_s": 382.4398881640261,
      "max_duration_s": 1833.0,
      "avg_waiting_time_s": 136.01460080770426,
      "max_waiting_time_s": 1525.0,
      "avg_time_loss_s": 229.0740664802735,
      "completed_time_loss_h": 204.83039444444455,
      "emergency_count": 3,
      "emergency_avg_duration_s": 616.3333333333334,
      "emergency_max_duration_s": 1092.0,
      "emergency_avg_time_loss_s": 432.40000000000003,
      "snaroya_origin_count": 652,
      "snaroya_avg_duration_s": 357.4585889570552,
      "snaroya_avg_time_loss_s": 191.68900306748458,
      "blocked_vehicle_h": 47.92527777777778,
      "queued_vehicle_h": 170.73888888888888,
      "peak_waiting": 87,
      "peak_queue_proxy": 300,
      "loaded": 3222,
      "inserted": 3222,
      "waiting": 0,
      "teleports": 0,
      "not_inserted": 0,
      "stat_duration": 382.66,
      "stat_waiting_time": 136.22,
      "stat_time_loss": 229.26,
      "stat_speed": 7.26,
      "system_delay_h": 252.75567222222233,
      "queue_length_km": 0.4,
      "seed": 1,
      "scenario": "scenario_4A_base_morning",
      "returncode": 0
    }
  ],
  "scenario_4A_base_afternoon": [
    {
      "completed_vehicles": 3582,
      "avg_duration_s": 291.87381351200446,
      "max_duration_s": 1125.0,
      "avg_waiting_time_s": 78.79061976549414,
      "max_waiting_time_s": 604.0,
      "avg_time_loss_s": 145.5146510329423,
      "completed_time_loss_h": 144.7870777777776,
      "emergency_count": 3,
      "emergency_avg_duration_s": 260.3333333333333,
      "emergency_max_duration_s": 287.0,
      "emergency_avg_time_loss_s": 142.81333333333336,
      "snaroya_origin_count": 538,
      "snaroya_avg_duration_s": 274.57992565055764,
      "snaroya_avg_time_loss_s": 120.59845724907068,
      "blocked_vehicle_h": 25.584722222222222,
      "queued_vehicle_h": 105.04611111111112,
      "peak_waiting": 66,
      "peak_queue_proxy": 201,
      "loaded": 3585,
      "inserted": 3585,
      "waiting": 0,
      "teleports": 0,
      "not_inserted": 0,
      "stat_duration": 291.85,
      "stat_waiting_time": 78.79,
      "stat_time_loss": 145.51,
      "stat_speed": 8.74,
      "system_delay_h": 170.3717999999998,
      "queue_length_km": 0.3,
      "seed": 1,
      "scenario": "scenario_4A_base_afternoon",
      "returncode": 0
    }
  ],
  "scenario_4A_v1_morning": [
    {
      "completed_vehicles": 3217,
      "avg_duration_s": 591.3192415293752,
      "max_duration_s": 2914.0,
      "avg_waiting_time_s": 223.8358719303699,
      "max_waiting_time_s": 1993.0,
      "avg_time_loss_s": 387.10001865091635,
      "completed_time_loss_h": 345.9168777777772,
      "emergency_count": 3,
      "emergency_avg_duration_s": 272.0,
      "emergency_max_duration_s": 380.0,
      "emergency_avg_time_loss_s": 87.85666666666667,
      "snaroya_origin_count": 652,
      "snaroya_avg_duration_s": 380.66564417177915,
      "snaroya_avg_time_loss_s": 176.84624233128815,
      "blocked_vehicle_h": 25.619444444444444,
      "queued_vehicle_h": 227.05805555555557,
      "peak_waiting": 60,
      "peak_queue_proxy": 366,
      "loaded": 3222,
      "inserted": 3222,
      "waiting": 0,
      "teleports": 0,
      "not_inserted": 0,
      "stat_duration": 591.02,
      "stat_waiting_time": 223.68,
      "stat_time_loss": 386.82,
      "stat_speed": 6.18,
      "system_delay_h": 371.53632222222166,
      "queue_length_km": 0.2,
      "seed": 1,
      "scenario": "scenario_4A_v1_morning",
      "returncode": 0
    }
  ],
  "scenario_4A_v1_afternoon": [
    {
      "completed_vehicles": 3582,
      "avg_duration_s": 456.41987716359574,
      "max_duration_s": 1355.0,
      "avg_waiting_time_s": 142.97012841987717,
      "max_waiting_time_s": 737.0,
      "avg_time_loss_s": 263.2529396984928,
      "completed_time_loss_h": 261.9366750000004,
      "emergency_count": 3,
      "emergency_avg_duration_s": 326.3333333333333,
      "emergency_max_duration_s": 376.0,
      "emergency_avg_time_loss_s": 143.01333333333332,
      "snaroya_origin_count": 538,
      "snaroya_avg_duration_s": 357.4498141263941,
      "snaroya_avg_time_loss_s": 143.66927509293686,
      "blocked_vehicle_h": 34.6475,
      "queued_vehicle_h": 177.95555555555555,
      "peak_waiting": 107,
      "peak_queue_proxy": 337,
      "loaded": 3585,
      "inserted": 3585,
      "waiting": 0,
      "teleports": 0,
      "not_inserted": 0,
      "stat_duration": 456.31,
      "stat_waiting_time": 142.91,
      "stat_time_loss": 263.15,
      "stat_speed": 6.6,
      "system_delay_h": 296.58417500000036,
      "queue_length_km": 0.4,
      "seed": 1,
      "scenario": "scenario_4A_v1_afternoon",
      "returncode": 0
    }
  ],
  "scenario_4A_v2_morning": [
    {
      "completed_vehicles": 2494,
      "avg_duration_s": 487.56014434643146,
      "max_duration_s": 4998.0,
      "avg_waiting_time_s": 206.6615878107458,
      "max_waiting_time_s": 4097.0,
      "avg_time_loss_s": 279.1299478748997,
      "completed_time_loss_h": 193.37502499999997,
      "emergency_count": 3,
      "emergency_avg_duration_s": 218.0,
      "emergency_max_duration_s": 218.0,
      "emergency_avg_time_loss_s": 53.95666666666667,
      "snaroya_origin_count": 652,
      "snaroya_avg_duration_s": 330.5506134969325,
      "snaroya_avg_time_loss_s": 141.2956441717791,
      "blocked_vehicle_h": 308.5755555555556,
      "queued_vehicle_h": 790.2719444444444,
      "peak_waiting": 422,
      "peak_queue_proxy": 852,
      "loaded": 3222,
      "inserted": 2925,
      "waiting": 297,
      "teleports": 0,
      "not_inserted": 297,
      "stat_duration": 487.24,
      "stat_waiting_time": 206.45,
      "stat_time_loss": 278.86,
      "stat_speed": 7.35,
      "system_delay_h": 501.9505805555556,
      "queue_length_km": 3.0,
      "seed": 1,
      "scenario": "scenario_4A_v2_morning",
      "returncode": 0
    }
  ],
  "scenario_4A_v2_afternoon": [
    {
      "completed_vehicles": 3081,
      "avg_duration_s": 522.7818889970789,
      "max_duration_s": 4774.0,
      "avg_waiting_time_s": 211.33625446283673,
      "max_waiting_time_s": 3895.0,
      "avg_time_loss_s": 315.97964621875985,
      "completed_time_loss_h": 270.42591388888866,
      "emergency_count": 3,
      "emergency_avg_duration_s": 329.0,
      "emergency_max_duration_s": 369.0,
      "emergency_avg_time_loss_s": 145.75666666666666,
      "snaroya_origin_count": 538,
      "snaroya_avg_duration_s": 349.19702602230484,
      "snaroya_avg_time_loss_s": 141.7304832713755,
      "blocked_vehicle_h": 160.56055555555557,
      "queued_vehicle_h": 631.7880555555555,
      "peak_waiting": 334,
      "peak_queue_proxy": 778,
      "loaded": 3585,
      "inserted": 3488,
      "waiting": 97,
      "teleports": 0,
      "not_inserted": 97,
      "stat_duration": 522.59,
      "stat_waiting_time": 211.22,
      "stat_time_loss": 315.81,
      "stat_speed": 6.88,
      "system_delay_h": 430.9864694444442,
      "queue_length_km": 1.8,
      "seed": 1,
      "scenario": "scenario_4A_v2_afternoon",
      "returncode": 0
    }
  ],
  "scenario_4A_v3_morning": [
    {
      "completed_vehicles": 3219,
      "avg_duration_s": 579.0615097856477,
      "max_duration_s": 2067.0,
      "avg_waiting_time_s": 209.45914880397638,
      "max_waiting_time_s": 1113.0,
      "avg_time_loss_s": 374.1578129853984,
      "completed_time_loss_h": 334.5594444444437,
      "emergency_count": 3,
      "emergency_avg_duration_s": 360.3333333333333,
      "emergency_max_duration_s": 398.0,
      "emergency_avg_time_loss_s": 196.51666666666665,
      "snaroya_origin_count": 652,
      "snaroya_avg_duration_s": 358.71625766871165,
      "snaroya_avg_time_loss_s": 162.75476993865038,
      "blocked_vehicle_h": 15.499444444444444,
      "queued_vehicle_h": 203.78333333333333,
      "peak_waiting": 33,
      "peak_queue_proxy": 330,
      "loaded": 3222,
      "inserted": 3222,
      "waiting": 0,