{
  "scenario_4A_base_morning": [
    {
      "completed_vehicles": 3095,
      "avg_duration_s": 792.0284329563813,
      "max_duration_s": 4753.0,
      "avg_waiting_time_s": 390.5854604200323,
      "max_waiting_time_s": 4154.0,
      "avg_time_loss_s": 578.4882843295641,
      "completed_time_loss_h": 497.33923333333354,
      "emergency_count": 3,
      "emergency_avg_duration_s": 623.6666666666666,
      "emergency_max_duration_s": 733.0,
      "emergency_avg_time_loss_s": 330.4666666666667,
      "blocked_vehicle_h": 82.94583333333334,
      "queued_vehicle_h": 525.06,
      "peak_waiting": 212,
      "peak_queue_proxy": 838,
      "loaded": 3222,
      "inserted": 3222,
      "waiting": 0,
      "teleports": 0,
      "not_inserted": 0,
      "stat_duration": 791.87,
      "stat_waiting_time": 390.42,
      "stat_time_loss": 578.25,
      "stat_speed": 5.58,
      "system_delay_h": 580.2850666666669,
      "queue_length_km": 0.9,
      "seed": 1,
      "scenario": "scenario_4A_base_morning",
      "returncode": 0
    }
  ],
  "scenario_4A_base_afternoon": [
    {
      "completed_vehicles": 3540,
      "avg_duration_s": 546.9658192090395,
      "max_duration_s": 3561.0,
      "avg_waiting_time_s": 206.17542372881357,
      "max_waiting_time_s": 2681.0,
      "avg_time_loss_s": 333.9266920903953,
      "completed_time_loss_h": 328.361247222222,
      "emergency_count": 3,
      "emergency_avg_duration_s": 704.6666666666666,
      "emergency_max_duration_s": 823.0,
      "emergency_avg_time_loss_s": 390.47666666666663,
      "blocked_vehicle_h": 229.36777777777777,
      "queued_vehicle_h": 433.71777777777777,
      "peak_waiting": 362,
      "peak_queue_proxy": 682,
      "loaded": 3585,
      "inserted": 3585,
      "waiting": 0,
      "teleports": 0,
      "not_inserted": 0,
      "stat_duration": 547.1,
      "stat_waiting_time": 206.22,
      "stat_time_loss": 333.97,
      "stat_speed": 6.9,
      "system_delay_h": 557.7290249999998,
      "queue_length_km": 1.5,
      "seed": 1,
      "scenario": "scenario_4A_base_afternoon",
      "returncode": 0
    }
  ],
  "scenario_4A_v1_morning": [
    {
      "completed_vehicles": 3113,
      "avg_duration_s": 919.8551236749116,
      "max_duration_s": 4529.0,
      "avg_waiting_time_s": 431.00963700610345,
      "max_waiting_time_s": 3467.0,
      "avg_time_loss_s": 668.7911500160619,
      "completed_time_loss_h": 578.3185694444446,
      "emergency_count": 3,
      "emergency_avg_duration_s": 684.6666666666666,
      "emergency_max_duration_s": 1027.0,
      "emergency_avg_time_loss_s": 348.27666666666664,
      "blocked_vehicle_h": 33.84861111111111,
      "queued_vehicle_h": 451.1402777777778,
      "peak_waiting": 126,
      "peak_queue_proxy": 792,
      "loaded": 3222,
      "inserted": 3222,
      "waiting": 0,
      "teleports": 0,
      "not_inserted": 0,
      "stat_duration": 919.63,
      "stat_waiting_time": 430.81,
      "stat_time_loss": 668.48,
      "stat_speed": 5.19,
      "system_delay_h": 612.1671805555558,
      "queue_length_km": 0.5,
      "seed": 1,
      "scenario": "scenario_4A_v1_morning",
      "returncode": 0
    }
  ],
  "scenario_4A_v1_afternoon": [
    {
      "completed_vehicles": 3501,
      "avg_duration_s": 697.7269351613825,
      "max_duration_s": 3491.0,
      "avg_waiting_time_s": 294.03084832904887,
      "max_waiting_time_s": 2538.0,
      "avg_time_loss_s": 450.3362667809193,
      "completed_time_loss_h": 437.952019444444,
      "emergency_count": 3,
      "emergency_avg_duration_s": 709.6666666666666,
      "emergency_max_duration_s": 914.0,
      "emergency_avg_time_loss_s": 384.0333333333333,
      "blocked_vehicle_h": 226.95888888888888,
      "queued_vehicle_h": 514.5388888888889,
      "peak_waiting": 332,
      "peak_queue_proxy": 698,
      "loaded": 3585,
      "inserted": 3585,
      "waiting": 0,
      "teleports": 0,
      "not_inserted": 0,
      "stat_duration": 697.74,
      "stat_waiting_time": 294.0,
      "stat_time_loss": 450.28,
      "stat_speed": 5.99,
      "system_delay_h": 664.9109083333328,
      "queue_length_km": 1.4,
      "seed": 1,
      "scenario": "scenario_4A_v1_afternoon",
      "returncode": 0
    }
  ],
  "scenario_4A_v2_morning": [
    {
      "completed_vehicles": 2507,
      "avg_duration_s": 644.5169525329079,
      "max_duration_s": 5051.0,
      "avg_waiting_time_s": 274.3139210211408,
      "max_waiting_time_s": 4104.0,
      "avg_time_loss_s": 373.71464698843204,
      "completed_time_loss_h": 260.2507277777775,
      "emergency_count": 3,
      "emergency_avg_duration_s": 506.3333333333333,
      "emergency_max_duration_s": 572.0,
      "emergency_avg_time_loss_s": 180.24666666666667,
      "blocked_vehicle_h": 298.80833333333334,
      "queued_vehicle_h": 821.1525,
      "peak_waiting": 454,
      "peak_queue_proxy": 923,
      "loaded": 3222,
      "inserted": 2971,
      "waiting": 251,
      "teleports": 0,
      "not_inserted": 251,
      "stat_duration": 644.35,
      "stat_waiting_time": 274.07,
      "stat_time_loss": 373.48,
      "stat_speed": 6.68,
      "system_delay_h": 559.0590611111109,
      "queue_length_km": 2.9,
      "seed": 1,
      "scenario": "scenario_4A_v2_morning",
      "returncode": 0
    }
  ],
  "scenario_4A_v2_afternoon": [
    {
      "completed_vehicles": 3087,
      "avg_duration_s": 612.8542274052478,
      "max_duration_s": 4976.0,
      "avg_waiting_time_s": 244.48655652737284,
      "max_waiting_time_s": 4012.0,
      "avg_time_loss_s": 350.78928733398106,
      "completed_time_loss_h": 300.8018138888888,
      "emergency_count": 3,
      "emergency_avg_duration_s": 682.6666666666666,
      "emergency_max_duration_s": 820.0,
      "emergency_avg_time_loss_s": 356.9666666666667,
      "blocked_vehicle_h": 200.58138888888888,
      "queued_vehicle_h": 693.9994444444444,
      "peak_waiting": 389,
      "peak_queue_proxy": 877,
      "loaded": 3585,
      "inserted": 3483,
      "waiting": 102,
      "teleports": 0,
      "not_inserted": 102,
      "stat_duration": 612.92,
      "stat_waiting_time": 244.47,
      "stat_time_loss": 350.79,
      "stat_speed": 6.78,
      "system_delay_h": 501.3832027777777,
      "queue_length_km": 2.0,
      "seed": 1,
      "scenario": "scenario_4A_v2_afternoon",
      "returncode": 0
    }
  ],
  "scenario_4A_v3_morning": [
    {
      "completed_vehicles": 3201,
      "avg_duration_s": 916.4117463292721,
      "max_duration_s": 4377.0,
      "avg_waiting_time_s": 431.4104967197751,
      "max_waiting_time_s": 3562.0,
      "avg_time_loss_s": 658.3391221493276,
      "completed_time_loss_h": 585.3732027777772,
      "emergency_count": 3,
      "emergency_avg_duration_s": 545.0,
      "emergency_max_duration_s": 578.0,
      "emergency_avg_time_loss_s": 218.91333333333333,
      "blocked_vehicle_h": 32.2475,
      "queued_vehicle_h": 422.715,
      "peak_waiting": 77,
      "peak_queue_proxy": 675,
      "loaded": 3222,
      "inserted": 3222,
      "waiting": 0,
      "teleports": 0,
      "not_inserted": 0,
      "stat_duration": 916.06,
      "stat_waiting_time": 431.11,
      "stat_time_loss": 657.93,
      "stat_speed": 5.14,
      "system_delay_h": 617.6207027777773,
      "queue_length_km": 0.3,
      "seed": 1,
      "scenario": "scenario_4A_v3_morning",
      "returncode": 0
    }
  ],
  "scenario_4A_v3_afternoon": [
    {
      "completed_vehicles": 3498,
      "avg_duration_s": 679.1858204688393,
      "max_duration_s": 3143.0,
      "avg_waiting_time_s": 294.65837621497997,
      "max_waiting_time_s": 2484.0,
      "avg_time_loss_s": 431.52626643796424,
      "completed_time_loss_h": 419.2996888888886,
      "emergency_count": 3,
      "emergency_avg_duration_s": 1796.0,
      "emergency_max_duration_s": 2813.0,
      "emergency_avg_time_loss_s": 1456.006666666667,
      "blocked_vehicle_h": 231.56833333333333,
      "queued_vehicle_h": 520.4163888888888,
      "peak_waiting": 319,
      "peak_queue_proxy": 743,